﻿<?xml version="1.0" encoding="UTF-8"?>
<Holidays>
  <Holiday>
    <Day>2016/01/01 0:00:00</Day>
    <Name>元日</Name>
  </Holiday>
  <Holiday>
    <Day>2016/01/02 0:00:00</Day>
    <Name>御用納め期間</Name>
  </Holiday>
  <Holiday>
    <Day>2016/01/11 0:00:00</Day>
    <Name>成人の日</Name>
  </Holiday>
  <Holiday>
    <Day>2016/02/11 0:00:00</Day>
    <Name>建国記念の日</Name>
  </Holiday>
  <Holiday>
    <Day>2016/03/20 0:00:00</Day>
    <Name>春分の日</Name>
  </Holiday>
  <Holiday>
    <Day>2016/03/21 0:00:00</Day>
    <Name>振替休日</Name>
  </Holiday>
  <Holiday>
    <Day>2016/04/29 0:00:00</Day>
    <Name>昭和の日</Name>
  </Holiday>
  <Holiday>
    <Day>2016/05/03 0:00:00</Day>
    <Name>憲法記念日</Name>
  </Holiday>
  <Holiday>
    <Day>2016/05/04 0:00:00</Day>
    <Name>みどりの日</Name>
  </Holiday>
  <Holiday>
    <Day>2016/05/05 0:00:00</Day>
    <Name>こどもの日</Name>
  </Holiday>
  <Holiday>
    <Day>2016/07/18 0:00:00</Day>
    <Name>海の日</Name>
  </Holiday>
  <Holiday>
    <Day>2016/08/11 0:00:00</Day>
    <Name>山の日</Name>
  </Holiday>
  <Holiday>
    <Day>2016/09/19 0:00:00</Day>
    <Name>敬老の日</Name>
  </Holiday>
  <Holiday>
    <Day>2016/09/22 0:00:00</Day>
    <Name>秋分の日</Name>
  </Holiday>
  <Holiday>
    <Day>2016/10/10 0:00:00</Day>
    <Name>体育の日</Name>
  </Holiday>
  <Holiday>
    <Day>2016/11/03 0:00:00</Day>
    <Name>文化の日</Name>
  </Holiday>
  <Holiday>
    <Day>2016/11/23 0:00:00</Day>
    <Name>勤労感謝の日</Name>
  </Holiday>
  <Holiday>
    <Day>2016/12/23 0:00:00</Day>
    <Name>天皇誕生日</Name>
  </Holiday>
  <Holiday>
    <Day>2016/12/29 0:00:00</Day>
    <Name>御用納め期間</Name>
  </Holiday>
  <Holiday>
    <Day>2016/12/30 0:00:00</Day>
    <Name>御用納め期間</Name>
  </Holiday>
  <Holiday>
    <Day>2016/12/31 0:00:00</Day>
    <Name>御用納め期間</Name>
  </Holiday>
</Holidays>