﻿<?xml version="1.0" encoding="utf-8" ?>
<hkmks>
  <hkmk>
    <kmkname>水道光熱費</kmkname>
    <hkmkname>水道代</hkmkname>
  </hkmk>
  <hkmk>
    <kmkname>水道光熱費</kmkname>
    <hkmkname>電気代</hkmkname>
  </hkmk>
  <hkmk>
    <kmkname>水道光熱費</kmkname>
    <hkmkname>ガス代</hkmkname>
  </hkmk>
  <hkmk>
    <kmkname>旅費交通費</kmkname>
    <hkmkname>電車代</hkmkname>
  </hkmk>
  <hkmk>
    <kmkname>旅費交通費</kmkname>
    <hkmkname>バス代</hkmkname>
  </hkmk>
  <hkmk>
    <kmkname>旅費交通費</kmkname>
    <hkmkname>タクシー代</hkmkname>
  </hkmk>
  <hkmk>
    <kmkname>旅費交通費</kmkname>
    <hkmkname>ガソリン代</hkmkname>
  </hkmk>
  <hkmk>
    <kmkname>旅費交通費</kmkname>
    <hkmkname>高速道路通行料</hkmkname>
  </hkmk>
  <hkmk>
    <kmkname>旅費交通費</kmkname>
    <hkmkname>航空券代</hkmkname>
  </hkmk>
  <hkmk>
    <kmkname>旅費交通費</kmkname>
    <hkmkname>新幹線</hkmkname>
  </hkmk>
  <hkmk>
    <kmkname>通信費</kmkname>
    <hkmkname>電話代</hkmkname>
  </hkmk>
  <hkmk>
    <kmkname>通信費</kmkname>
    <hkmkname>インターネット代</hkmkname>
  </hkmk>
  <hkmk>
    <kmkname>通信費</kmkname>
    <hkmkname>ＦＡＸ</hkmkname>
  </hkmk>
  <hkmk>
    <kmkname>売掛金</kmkname>
    <hkmkname>CyberGrow</hkmkname>
  </hkmk>
</hkmks>