﻿<?xml version="1.0" encoding="utf-8" ?>
<kmks>
  <kmk>
    <kbn>経費</kbn>
    <name>原価償却費</name>
  </kmk>
  <kmk>
    <kbn>経費</kbn>
    <name>地代家賃</name>
  </kmk>
  <kmk>
    <kbn>経費</kbn>
    <name>水道光熱費</name>
  </kmk>
  <kmk>
    <kbn>経費</kbn>
    <name>旅費交通費</name>
  </kmk>
  <kmk>
    <kbn>経費</kbn>
    <name>通信費</name>
  </kmk>
  <kmk>
    <kbn>経費</kbn>
    <name>接待交際費</name>
  </kmk>
  <kmk>
    <kbn>経費</kbn>
    <name>消耗品費</name>
  </kmk>
  <kmk>
    <kbn>経費</kbn>
    <name>福利厚生費</name>
  </kmk>
  <kmk>
    <kbn>経費</kbn>
    <name>車両費</name>
  </kmk>
  <kmk>
    <kbn>経費</kbn>
    <name>雑費</name>
  </kmk>
  <kmk>
    <kbn>資産</kbn>
    <name>売上高</name>
  </kmk>
  <kmk>
    <kbn>資産</kbn>
    <name>売掛金</name>
  </kmk>
  <kmk>
    <kbn>資産</kbn>
    <name>現金</name>
  </kmk>
  <kmk>
    <kbn>資産</kbn>
    <name>普通預金</name>
  </kmk>
  <kmk>
    <kbn>資産</kbn>
    <name>定期預金</name>
  </kmk>
  <kmk>
    <kbn>資産</kbn>
    <name>事業主借</name>
  </kmk>
  <kmk>
    <kbn>資産</kbn>
    <name>事業主貸</name>
  </kmk>
</kmks>